,image-number,x-coord pix,y-coord pix,bbox-width pix,bbox-height pix,tilt-direction pix,x-coord dist,y-coord dist,z-coord dist,tilt-direction dist,timestamp
0,1,386.5,274.0,195,122,-1,-12,-11,14,0,1658866120.1735423
1,2,383.5,273.5,183,119,-1,-12,-11,17,0,1658866120.4685416
2,3,386.5,267.0,177,128,-1,-11,-11,9,-22,1658866120.7195418
3,4,398.0,256.5,172,127,-1,-10,-12,10,-25,1658866120.9895442
4,5,416.5,246.0,169,124,-1,-8,-14,12,-24,1658866121.250544
5,6,437.5,227.5,169,121,-1,-5,-17,15,-21,1658866121.5130587
6,7,465.0,208.5,158,119,-1,-1,-20,17,-27,1658866121.7855675
7,8,490.5,194.5,155,111,-1,1,-23,25,-21,1658866122.0535667
8,9,515.5,187.0,153,106,-1,5,-26,31,-15,1658866122.3366091
9,10,551.5,179.5,149,99,-1,11,-29,40,0,1658866122.6276066
10,11,599.5,171.0,147,96,-1,19,-31,44,0,1658866122.9046092
11,12,649.5,162.0,141,92,-1,29,-34,50,0,1658866123.182609
12,13,691.5,151.0,137,88,-1,38,-37,57,0,1658866123.4726865
13,14,726.0,138.0,134,82,1,48,-43,68,0,1658866123.7566874
14,15,761.0,126.0,130,78,1,58,-48,77,0,1658866124.0386848
15,16,791.0,133.0,124,80,1,63,-45,73,0,1658866124.3396883
16,17,792.5,175.5,115,69,-1,73,-42,100,0,1658866124.6506872
17,18,783.0,204.0,108,70,-1,70,-35,97,0,1658866124.9496956
18,19,773.0,232.5,108,69,-1,69,-29,100,0,1658866125.2236876
19,20,765.5,253.0,107,68,-1,68,-24,103,0,1658866125.5777245
20,21,749.0,278.0,100,66,-1,65,-19,109,0,1658866125.8647232
21,22,728.0,298.0,96,64,-1,62,-15,115,0,1658866126.1387234
22,23,710.0,312.0,96,66,-1,55,-11,109,-14,1658866126.4317594
23,24,692.0,328.5,96,63,-1,53,-7,119,0,1658866126.6867883
24,25,679.5,340.5,95,63,1,50,-4,119,0,1658866126.95881
25,26,665.0,351.0,90,60,-1,48,-2,130,0,1658866127.2293224
26,27,644.5,352.5,91,51,-1,50,-2,170,0,1658866127.5088341
27,28,622.0,337.0,94,70,-1,32,-5,97,-26,1658866127.7738342
28,29,610.5,309.5,99,71,-1,28,-11,94,-21,1658866128.036837
29,30,602.5,281.5,95,55,1,35,-22,150,0,1658866128.3028343
30,31,599.0,249.5,96,65,1,28,-26,112,10,1658866128.5818374
31,32,596.0,220.0,96,70,-1,26,-31,97,-23,1658866128.830834
32,33,593.5,194.5,95,71,-1,25,-36,94,-26,1658866129.091834
33,34,593.5,171.5,95,73,-1,24,-41,89,-29,1658866129.3528342
34,35,592.0,151.5,94,73,1,24,-45,89,30,1658866129.6138587
35,36,584.0,135.0,98,78,1,20,-46,77,33,1658866129.8608565
36,37,573.5,126.5,97,77,1,19,-48,79,32,1658866130.1118598
37,38,560.0,122.5,98,73,-1,17,-52,89,-26,1658866130.3548565
38,39,546.0,118.0,92,76,-1,13,-51,82,-36,1658866130.6308606
39,40,531.5,117.5,93,75,-1,10,-51,84,-34,1658866130.8608658
40,41,520.0,119.5,90,71,1,8,-54,94,32,1658866131.1138601
41,42,510.5,113.5,87,53,-1,8,-74,160,0,1658866131.3638637
42,43,501.0,126.0,84,52,-1,6,-71,165,0,1658866131.6358566
43,44,493.5,144.0,83,56,1,3,-61,146,8,1658866131.9458566
44,45,488.5,161.5,81,55,1,2,-57,150,10,1658866132.2348564
45,46,477.5,168.0,81,54,1,0,-56,155,0,1658866132.4998567
46,47,460.0,165.5,80,55,1,-5,-56,150,14,1658866132.758859
47,48,441.5,162.5,77,55,1,-10,-57,150,21,1658866133.010859
48,49,430.0,157.5,76,57,1,-13,-56,142,27,1658866133.26386
49,50,419.5,153.0,77,60,-1,-15,-54,130,-31,1658866133.529904
50,51,410.0,146.0,80,62,-1,-17,-55,122,-30,1658866133.9014144
51,52,396.0,136.0,82,66,1,-19,-54,109,34,1658866134.177414
52,53,385.5,127.5,83,71,1,-20,-52,94,38,1658866134.4124188
53,54,376.0,120.0,86,74,1,-22,-52,86,39,1658866134.6509268
54,55,367.0,116.5,84,73,-1,-24,-53,89,-39,1658866134.8879266
55,56,359.5,112.0,85,76,-1,-24,-52,82,-41,1658866135.1164427
56,57,350.5,108.5,89,79,1,-25,-51,75,41,1658866135.3344393
57,58,345.5,104.5,83,81,1,-26,-50,70,46,1658866135.5954423
58,59,341.0,100.5,78,83,1,-26,-50,66,51,1658866135.8234391
59,60,337.5,96.0,71,82,1,-27,-52,68,54,1658866136.032439
60,61,335.5,94.5,67,79,1,-28,-54,75,55,1658866136.2664392
61,62,336.0,93.5,66,77,1,-29,-55,79,55,1658866136.496439
62,63,335.5,93.5,67,75,1,-30,-57,84,53,1658866136.7164464
63,64,334.0,93.0,64,74,1,-31,-58,86,54,1658866136.9324393
64,65,331.5,93.0,59,72,1,-32,-59,92,56,1658866137.1684396
65,66,333.0,100.0,62,70,1,-33,-59,97,53,1658866137.391443
66,67,337.0,104.5,68,71,-1,-31,-57,94,-50,1658866137.6134393
67,68,344.0,106.0,76,72,-1,-29,-56,92,-45,1658866137.8574407
68,69,359.0,106.0,84,72,-1,-26,-56,92,-38,1658866138.0914426
69,70,371.5,107.0,89,74,-1,-23,-55,86,-36,1658866138.335442
70,71,379.0,108.0,94,76,-1,-20,-53,82,-34,1658866138.583442
71,72,382.5,108.5,95,77,-1,-19,-52,79,-34,1658866138.8244402
72,73,382.5,109.0,97,78,1,-19,-51,77,33,1658866139.0634398
73,74,382.0,109.5,98,81,1,-19,-49,70,36,1658866139.2989655
74,75,381.5,112.5,101,83,-1,-18,-48,66,-35,1658866139.5419676
75,76,382.0,115.0,104,86,1,-17,-45,61,36,1658866139.7769663
76,77,381.5,118.0,107,88,1,-17,-44,57,35,1658866140.0349658
77,78,385.0,122.5,112,93,1,-16,-41,49,36,1658866140.265965
78,79,393.5,126.0,117,96,1,-14,-39,44,35,1658866140.520003
79,80,414.5,129.0,119,96,1,-10,-38,44,34,1658866140.7880063
80,81,432.5,132.0,121,98,1,-7,-37,41,34,1658866141.0580032
81,82,449.0,134.0,126,100,1,-4,-36,39,32,1658866141.2915177
82,83,461.5,136.0,127,102,1,-2,-35,36,33,1658866141.5565171
83,84,474.0,142.0,130,104,1,0,-33,33,33,1658866141.7955556
84,85,488.5,145.5,135,107,1,1,-32,30,32,1658866142.056073
85,86,511.5,150.5,135,111,1,4,-30,25,35,1658866142.2940705
86,87,540.5,153.0,137,116,1,8,-28,20,38,1658866142.5410721
87,88,580.0,154.0,136,118,1,13,-28,18,39,1658866142.7730713
88,89,615.5,155.5,139,119,1,18,-27,17,38,1658866143.01259
89,90,644.0,158.0,136,116,1,22,-27,20,38,1658866143.2580948
90,91,670.5,163.0,135,106,1,28,-29,31,31,1658866143.5120945
91,92,692.5,166.5,129,99,1,34,-31,40,29,1658866143.7590942
92,93,716.0,164.5,126,73,-1,51,-42,89,0,1658866144.0146122
93,94,736.5,168.0,119,78,-1,53,-39,77,0,1658866144.277608
94,95,761.0,180.0,114,68,1,66,-42,103,0,1658866144.5546343
95,96,792.0,198.0,112,76,1,67,-33,82,10,1658866144.819634
96,97,810.5,201.5,105,63,1,86,-39,119,0,1658866145.065634
97,98,823.5,211.5,105,71,-1,79,-33,94,-9,1658866145.3316371
98,99,827.0,221.0,98,78,-1,73,-28,77,-33,1658866145.589637
99,100,825.5,233.5,93,77,-1,74,-25,79,-36,1658866145.8486383
100,101,824.5,249.0,95,74,-1,76,-23,86,-31,1658866146.1081529
101,102,830.0,276.0,98,58,1,99,-22,137,0,1658866146.3621569
102,103,832.0,289.5,98,55,1,105,-20,150,0,1658866146.628153
103,104,834.5,300.5,93,53,1,110,-17,160,0,1658866146.8956738
104,105,838.5,312.5,89,51,1,116,-14,170,0,1658866147.1612222
105,106,842.0,322.0,84,50,1,119,-11,175,0,1658866147.4352217
106,107,841.0,331.0,82,50,1,119,-9,175,0,1658866147.6902218
107,108,833.5,339.0,81,46,1,126,-7,199,0,1658866147.977221
108,109,816.5,343.0,79,46,1,120,-5,199,0,1658866148.2752273
109,110,791.0,341.5,80,45,1,112,-6,206,0,1658866148.5548134
110,111,762.5,334.5,81,53,-1,86,-7,160,0,1658866148.8193314
111,112,739.0,325.0,84,60,-1,69,-9,130,-21,1658866149.09233
112,113,715.0,328.0,78,44,1,85,-11,213,0,1658866149.3673606
113,114,694.5,323.5,77,43,1,79,-13,220,0,1658866149.644359
114,115,675.5,316.5,77,47,1,65,-14,193,0,1658866149.908358
115,116,658.5,306.0,75,48,-1,58,-17,187,0,1658866150.1903594
116,117,633.5,299.0,75,54,-1,44,-17,155,-22,1658866150.4528894
117,118,612.0,294.5,76,55,-1,37,-18,150,-22,1658866150.7168884
118,119,595.5,296.5,75,43,1,42,-23,220,0,1658866150.9728892
119,120,573.5,294.5,75,45,1,32,-22,206,0,1658866151.227888
120,121,552.5,293.0,75,46,1,24,-22,199,0,1658866151.5299594
121,122,532.0,292.0,74,46,1,17,-23,199,0,1658866151.7919586
122,123,517.5,289.5,75,43,-1,13,-25,220,0,1658866152.0669572
123,124,507.0,289.0,78,46,-1,9,-24,199,0,1658866152.3524861
124,125,493.5,290.5,83,49,-1,4,-22,181,0,1658866152.623488
125,126,489.5,296.5,85,53,-1,2,-18,160,0,1658866152.8829992
126,127,489.5,301.0,85,58,-1,2,-15,137,-12,1658866153.1519992
127,128,495.0,308.5,84,61,-1,3,-13,126,-23,1658866153.464
128,129,507.0,322.0,96,66,-1,6,-9,109,-14,1658866153.7229984
129,130,527.5,345.0,91,52,1,14,-4,165,0,1658866153.9865081
130,131,547.5,359.0,89,56,1,18,0,146,0,1658866154.2390318
131,132,573.5,364.5,89,57,1,25,1,142,0,1658866154.5240366
132,133,607.0,372.0,92,56,-1,35,3,146,0,1658866154.7600312
133,134,639.0,377.5,92,59,1,42,4,133,0,1658866155.027032
134,135,676.0,380.0,84,66,1,47,4,109,31,1658866155.2550375
135,136,706.0,383.5,88,67,1,53,5,106,28,1658866155.5220313
136,137,732.5,387.0,87,68,1,59,6,103,31,1658866155.7540379
137,138,756.5,386.5,91,67,1,66,6,106,25,1658866156.0530345
138,139,770.0,380.0,86,74,1,63,4,86,39,1658866156.2925537
139,140,768.5,363.0,91,74,1,63,0,86,34,1658866156.5726047
140,141,764.5,345.0,89,76,1,60,-3,82,38,1658866156.7932189
141,142,757.5,328.5,91,77,1,58,-6,79,38,1658866157.0442057
142,143,744.0,316.5,102,75,-1,56,-9,84,-24,1658866157.2972026
143,144,719.0,308.0,106,72,-1,53,-11,92,-11,1658866157.5597167
144,145,692.0,303.0,114,72,-1,47,-12,92,0,1658866157.8217156
145,146,666.0,299.5,118,75,1,39,-12,84,0,1658866158.0872316
146,147,643.0,298.0,122,76,1,33,-12,82,0,1658866158.366229
147,148,616.5,293.0,119,70,-1,30,-15,97,0,1658866158.6717415
148,149,588.5,285.5,125,77,-1,22,-15,79,0,1658866158.9357414
149,150,568.0,286.5,124,69,1,20,-16,100,0,1658866159.1867433
150,151,543.5,296.5,127,85,1,11,-11,63,5,1658866159.4632554
151,152,516.5,289.5,123,69,-1,8,-16,100,0,1658866159.7247732
152,153,482.5,287.5,127,75,-1,0,-15,84,0,1658866159.986285
153,154,458.0,292.0,126,70,1,-4,-15,97,0,1658866160.2558017
154,155,432.5,298.0,127,82,1,-9,-11,68,0,1658866160.5273113
155,156,415.5,299.5,125,83,1,-12,-11,66,0,1658866160.7948287
156,157,405.0,299.0,118,80,1,-14,-11,73,10,1658866161.0543404
157,158,399.5,298.5,117,79,1,-16,-12,75,9,1658866161.3183422
158,159,388.5,296.5,125,81,1,-17,-12,70,0,1658866161.5703404
159,160,374.5,293.5,133,87,1,-19,-12,59,0,1658866161.8473418
160,161,367.5,289.5,135,93,1,-19,-11,49,14,1658866162.0983398
161,162,366.0,287.0,136,98,1,-18,-11,41,22,1658866162.3623462
162,163,369.5,286.0,135,98,1,-17,-11,41,23,1658866162.6263404
163,164,372.5,287.5,135,99,1,-17,-11,40,24,1658866162.886343
164,165,386.0,301.5,132,103,1,-14,-8,35,31,1658866163.1293435
165,166,402.0,315.0,130,98,1,-12,-7,41,27,1658866163.3803396
166,167,412.0,330.5,140,97,1,-11,-4,43,15,1658866163.6313412
167,168,430.5,342.0,145,96,1,-8,-2,44,0,1658866163.8948772
168,169,454.5,355.0,147,100,1,-4,0,39,11,1658866164.1568766
169,170,489.5,364.0,157,96,1,1,0,44,0,1658866164.4148765
170,171,534.5,374.5,165,105,-1,8,2,32,0,1658866164.696876
171,172,583.5,377.0,167,106,1,15,2,31,0,1658866164.979878
172,173,631.0,381.5,174,111,1,21,3,25,0,1658866165.2618766
173,174,681.0,388.0,172,112,-1,28,3,24,0,1658866165.5528774
174,175,717.5,392.5,177,111,-1,34,4,25,0,1658866165.8398798
175,176,747.5,395.0,185,112,-1,38,4,24,0,1658866166.1178765
176,177,765.0,394.5,192,115,-1,40,4,21,0,1658866166.3928788
177,178,757.0,391.0,196,118,-1,38,4,18,0,1658866166.6668773
178,179,738.0,386.0,190,120,-1,34,3,16,0,1658866166.942879
179,180,693.5,381.5,183,127,-1,27,2,10,-16,1658866167.2068758
180,181,637.5,373.0,173,130,-1,19,1,7,-27,1658866167.4658775
181,182,577.5,369.0,165,138,-1,11,1,1,-37,1658866167.7058756
182,183,531.5,366.0,153,146,-1,5,0,-3,-45,1658866167.9318762
183,184,480.5,363.0,173,148,-1,0,0,-4,-38,1658866168.183876
184,185,439.5,359.0,177,154,-1,-4,0,-8,-39,1658866168.4108822
185,186,402.5,352.5,181,155,-1,-8,0,-8,-38,1658866168.6538758
186,187,375.0,350.0,186,146,-1,-11,-1,-3,-31,1658866168.9008782
187,188,348.5,347.0,189,140,1,-15,-1,0,25,1658866169.1608758
188,189,316.5,341.5,191,127,1,-20,-2,10,0,1658866169.4233932
189,190,282.5,334.5,193,121,1,-26,-3,15,0,1658866169.7059095
190,191,258.0,330.0,200,120,1,-29,-3,16,0,1658866170.0399854
191,192,226.5,324.5,209,127,1,-32,-4,10,0,1658866170.2959824
192,193,210.5,319.0,215,134,1,-32,-4,4,0,1658866170.566985
193,194,203.0,308.0,222,148,1,-30,-5,-4,0,1658866170.8329818
194,195,209.0,297.0,224,158,1,-28,-6,-10,19,1658866171.0979822
195,196,222.5,292.0,223,150,1,-28,-7,-6,7,1658866171.3579838
196,197,260.0,285.0,212,156,1,-23,-7,-9,25,1658866171.615982
197,198,297.5,275.0,199,160,1,-18,-8,-11,33,1658866171.8564947
198,199,335.0,274.5,194,153,1,-15,-8,-7,32,1658866172.1274934
199,200,375.0,276.0,196,148,1,-11,-9,-4,28,1658866172.3664925
200,201,415.0,281.0,186,142,1,-7,-8,-1,29,1658866172.6324925
201,202,453.0,290.0,190,140,1,-3,-7,0,25,1658866172.865494
202,203,486.5,304.0,183,136,1,0,-6,3,26,1658866173.1234953
203,204,514.5,323.5,183,129,1,4,-4,8,18,1658866173.357493
204,205,534.0,350.5,178,127,1,6,-1,10,20,1658866173.6124947
205,206,545.5,387.0,179,122,1,8,3,14,12,1658866173.8524928
206,207,555.5,428.0,171,120,1,9,8,16,18,1658866174.094493
207,208,556.0,453.5,170,125,1,9,11,11,24,1658866174.3434954
208,209,545.5,466.5,171,123,1,8,13,13,22,1658866174.6024942
209,210,528.5,474.0,167,120,1,6,15,16,21,1658866174.836519
210,211,507.0,476.0,152,124,1,3,14,12,35,1658866175.066519
211,212,484.0,467.0,152,120,1,0,14,16,32,1658866175.316519
212,213,466.5,458.0,159,112,1,-1,13,24,18,1658866175.5795224
213,214,453.5,438.5,153,107,1,-3,11,30,17,1658866175.8045275
214,215,444.5,429.0,147,122,1,-4,8,14,36,1658866176.0915203
215,216,423.0,417.5,134,127,-1,-7,7,10,-45,1658866176.3035188
216,217,391.0,366.5,178,229,-1,-6,0,-36,-58,1658866176.5335221
217,218,364.0,284.5,160,137,1,-13,-8,2,38,1658866176.7815192
218,219,350.0,255.0,164,128,1,-16,-13,9,31,1658866177.0125303
219,220,323.0,232.5,162,129,1,-19,-15,8,33,1658866177.2600355
220,221,306.0,225.0,160,122,1,-22,-17,14,29,1658866177.5070338
221,222,290.0,222.5,156,113,1,-26,-19,23,23,1658866177.7655442
222,223,273.5,220.5,151,107,1,-30,-20,30,19,1658866178.0125427
223,224,261.0,234.5,142,105,-1,-33,-18,32,-25,1658866178.2845466
224,225,249.5,264.5,133,83,1,-44,-18,66,0,1658866178.5425432
225,226,240.0,311.0,128,74,1,-52,-10,86,0,1658866178.8545477
226,227,245.5,363.5,125,81,1,-46,0,70,0,1658866179.1035461
227,228,252.5,393.5,127,71,1,-51,7,94,0,1658866179.3640606
228,229,263.0,419.5,120,77,-1,-45,12,79,0,1658866179.6210616
229,230,290.5,444.0,119,74,-1,-40,17,86,0,1658866179.8550632
230,231,320.5,456.0,117,66,-1,-38,22,109,0,1658866180.1280632
231,232,359.5,475.0,123,70,1,-27,25,97,0,1658866180.4220626
232,233,403.5,483.0,123,70,-1,-17,27,97,0,1658866180.719074
233,234,453.5,485.5,127,75,-1,-5,26,84,0,1658866180.9880605
234,235,496.5,486.5,125,79,-1,3,25,75,0,1658866181.2640636
235,236,537.0,492.5,124,79,1,11,26,75,0,1658866181.5250604
236,237,573.5,493.5,127,77,1,19,27,79,0,1658866181.7880607
237,238,607.5,490.0,123,78,-1,25,26,77,0,1658866182.0690606
238,239,636.0,489.0,124,82,1,30,24,68,0,1658866182.3290632
239,240,665.5,482.0,123,90,1,32,21,54,24,1658866182.5870616
240,241,689.5,467.5,115,103,1,32,16,35,41,1658866182.8250618
241,242,705.0,449.0,110,108,1,33,13,28,47,1658866183.0460618
242,243,714.5,427.5,101,109,1,34,9,27,51,1658866183.2960637
243,244,715.5,402.0,99,108,1,35,6,28,52,1658866183.5405772
244,245,720.5,376.5,89,113,1,34,2,23,58,1658866183.7736049
245,246,722.5,352.5,89,113,1,34,-1,23,58,1658866183.9836054
246,247,717.5,337.5,89,115,1,33,-3,21,58,1658866184.2076068
247,248,696.5,324.5,79,111,1,31,-5,25,61,1658866184.4416077
248,249,671.0,313.5,92,109,1,28,-6,27,55,1658866184.6876066
249,250,631.0,304.5,104,101,1,23,-8,37,46,1658866184.8986197
250,251,600.0,296.5,114,97,1,19,-10,43,38,1658866185.1486049
251,252,567.5,288.5,133,95,1,14,-11,46,21,1658866185.391118
252,253,531.0,283.5,144,93,1,8,-12,49,0,1658866185.6606328
253,254,497.0,281.0,142,86,-1,3,-14,61,0,1658866185.9266298
254,255,447.5,279.5,145,93,-1,-5,-13,49,0,1658866186.218188
255,256,387.0,273.5,142,93,1,-15,-14,49,0,1658866186.489715
256,257,344.0,257.0,144,98,1,-22,-16,41,11,1658866186.769233
257,258,313.5,242.0,157,106,1,-25,-17,31,9,1658866187.0337453
258,259,297.5,226.5,165,119,1,-24,-17,17,22,1658866187.308746
259,260,309.5,218.5,173,131,1,-20,-17,6,28,1658866187.5617478
260,261,334.0,221.0,172,128,1,-18,-17,9,26,1658866187.819747
261,262,376.5,226.5,181,129,1,-12,-16,8,20,1658866188.063748
262,263,418.5,235.5,175,125,1,-7,-15,11,21,1658866188.3217475
263,264,461.5,248.5,175,119,1,-2,-14,17,11,1658866188.5787504
264,265,504.5,268.5,173,117,1,3,-12,19,9,1658866188.842746
265,266,560.5,290.5,175,115,1,11,-9,21,0,1658866189.110748
266,267,601.0,305.0,184,118,1,16,-7,18,0,1658866189.389746
267,268,624.5,305.0,187,126,1,18,-6,11,8,1658866189.6587965
268,269,656.5,301.5,199,125,1,22,-7,11,0,1658866189.9357975
269,270,683.0,296.0,218,128,1,25,-7,9,0,1658866190.2098103
270,271,688.0,290.5,226,133,-1,25,-8,5,0,1658866190.4737964
271,272,668.0,285.0,222,144,-1,21,-8,-2,0,1658866190.7663207
272,273,624.5,281.0,245,154,-1,15,-8,-8,0,1658866191.031321
273,274,570.5,278.5,245,159,-1,9,-8,-11,0,1658866191.3293226
274,275,519.0,280.0,244,160,-1,3,-8,-11,0,1658866191.6133225
275,276,461.5,283.0,247,164,-1,-1,-7,-13,0,1658866191.8908696
276,277,398.5,283.5,257,175,-1,-7,-7,-18,-11,1658866192.1618717
277,278,332.5,276.5,269,191,1,-12,-7,-25,20,1658866192.417871
278,279,299.0,264.5,264,189,1,-15,-8,-24,21,1658866192.6743827
279,280,275.0,243.5,264,189,1,-17,-10,-24,21,1658866192.948894
280,281,286.5,222.5,255,177,1,-17,-12,-19,16,1658866193.211895
281,282,312.0,213.5,252,165,1,-16,-14,-14,0,1658866193.481413
282,283,334.0,205.0,226,152,1,-15,-16,-7,7,1658866193.7584128
283,284,369.5,198.5,217,147,1,-12,-17,-4,10,1658866194.0204191
284,285,392.5,193.5,211,141,1,-9,-19,0,3,1658866194.2944162
285,286,407.5,188.5,205,135,1,-8,-20,3,0,1658866194.5794146
286,287,419.5,186.0,201,134,1,-7,-20,4,0,1658866194.8594246
287,288,422.5,181.0,195,130,1,-7,-22,7,0,1658866195.1339288
288,289,424.0,176.5,190,127,-1,-6,-23,10,-4,1658866195.4039283
289,290,427.5,167.5,181,121,1,-6,-25,15,4,1658866195.672442
290,291,433.5,165.5,171,117,1,-6,-26,19,13,1658866195.9424696
291,292,445.0,166.0,160,112,-1,-4,-27,24,-17,1658866196.2214692
292,293,455.0,164.0,152,102,1,-3,-30,36,6,1658866196.5050027
293,294,463.0,162.0,146,98,1,-2,-32,41,6,1658866196.778996
294,295,475.0,160.0,144,94,1,0,-34,47,0,1658866197.10003
295,296,497.5,156.5,137,89,1,3,-36,55,0,1658866197.3730285
296,297,514.5,155.5,137,89,-1,6,-36,55,0,1658866197.6415625
297,298,529.5,152.0,133,88,-1,8,-37,57,0,1658866197.9250758
298,299,539.5,145.5,131,83,1,11,-41,66,0,1658866198.1960785
299,300,542.5,141.0,129,80,1,12,-43,73,0,1658866198.4720778
300,301,542.5,140.0,125,80,1,12,-44,73,0,1658866198.7550757
301,302,545.0,140.0,120,78,-1,13,-45,77,0,1658866199.030609
302,303,546.5,140.0,117,76,-1,13,-46,82,0,1658866199.308615
303,304,552.5,140.5,113,73,-1,15,-48,89,0,1658866199.5746133
304,305,557.5,140.5,109,71,1,17,-49,94,0,1658866199.933643
305,306,566.0,139.0,104,68,-1,19,-51,103,0,1658866200.224171
306,307,581.0,136.5,102,65,-1,24,-54,112,0,1658866200.492692
307,308,594.5,137.0,101,64,-1,28,-55,115,0,1658866200.7836902
308,309,612.0,139.5,98,63,-1,33,-55,119,0,1658866201.0636897
309,310,624.0,142.0,98,62,-1,36,-56,122,0,1658866201.34169
310,311,634.0,143.5,96,63,-1,38,-54,119,0,1658866201.6202068
311,312,642.5,146.5,97,61,-1,42,-55,126,0,1658866201.9032466
312,313,651.5,148.5,95,61,-1,44,-55,126,0,1658866202.1787596
313,314,657.5,152.0,91,58,-1,48,-57,137,0,1658866202.4492795
314,315,664.5,160.0,87,58,-1,50,-54,137,0,1658866202.7182796
315,316,667.0,167.0,86,58,-1,51,-52,137,-8,1658866202.9782808
316,317,662.5,171.5,87,57,-1,50,-52,142,0,1658866203.2522812
317,318,647.0,171.5,84,55,-1,47,-54,150,0,1658866203.529799
318,319,630.0,171.0,82,56,-1,42,-53,146,-12,1658866203.7893133
319,320,611.0,171.0,80,56,1,36,-53,146,17,1658866204.0453134
320,321,595.5,170.0,83,56,1,32,-53,146,8,1658866204.3178422
321,322,582.0,169.0,88,58,1,27,-52,137,0,1658866204.5838377
322,323,567.5,168.5,89,59,1,23,-51,133,0,1658866204.8608406
323,324,554.5,169.5,93,61,-1,19,-49,126,0,1658866205.1418395
324,325,541.0,173.0,94,64,-1,14,-46,115,-11,1658866205.4033852
325,326,527.5,175.5,97,67,-1,11,-43,106,-15,1658866205.6709266
326,327,517.5,178.0,99,68,-1,8,-42,103,-13,1658866205.9159527
327,328,504.0,179.5,100,69,-1,5,-41,100,-14,1658866206.1899545
328,329,491.0,181.5,102,69,-1,2,-41,100,-9,1658866206.4659538
329,330,477.0,187.0,102,66,-1,0,-41,109,0,1658866206.7489533
330,331,462.5,191.0,103,66,-1,-4,-40,109,0,1658866207.0299525
331,332,452.0,193.0,106,68,-1,-6,-38,103,0,1658866207.3089845
332,333,439.0,193.0,110,70,-1,-9,-37,97,0,1658866207.5819771
333,334,426.5,193.0,113,72,-1,-11,-36,92,0,1658866207.848979
334,335,413.0,195.0,116,76,1,-13,-34,82,0,1658866208.1289783
335,336,394.5,202.0,119,80,1,-16,-31,73,7,1658866208.3905418
336,337,375.5,207.5,119,81,1,-20,-29,70,11,1658866208.6725416
337,338,359.0,213.0,122,84,1,-22,-27,64,14,1658866208.9485445
338,339,352.5,226.5,141,93,1,-21,-22,49,0,1658866209.2255445
339,340,343.0,233.0,146,100,-1,-21,-20,39,-13,1658866209.5060916
340,341,336.0,235.0,144,96,-1,-23,-20,44,0,1658866209.7950914
341,342,330.5,242.0,147,100,-1,-23,-18,39,-11,1658866210.0610917
342,343,319.5,245.5,141,101,-1,-25,-17,37,-21,1658866210.3176005
343,344,301.0,246.5,134,103,-1,-27,-17,35,-29,1658866210.5627134
344,345,284.5,247.0,139,102,-1,-30,-17,36,-24,1658866210.8096442
345,346,269.0,248.0,144,102,-1,-33,-17,36,-19,1658866211.0626447
346,347,254.5,247.5,147,105,-1,-34,-16,32,-21,1658866211.3166435
347,348,234.5,248.5,159,107,-1,-37,-16,30,-7,1658866211.5496469
348,349,211.0,253.0,170,114,-1,-38,-14,22,-6,1658866211.7926438
349,350,192.0,262.5,186,125,-1,-37,-12,11,-7,1658866212.043645
350,351,165.5,270.5,201,133,-1,-39,-10,5,0,1658866212.2856436
351,352,149.0,290.5,210,139,1,-39,-7,0,0,1658866212.5506432
352,353,159.5,314.5,215,147,1,-36,-4,-4,12,1658866212.7916453
353,354,204.0,332.0,240,156,1,-29,-2,-9,0,1658866213.0366478
354,355,262.5,343.5,231,155,1,-22,-1,-8,6,1658866213.2966456
355,356,324.0,352.5,230,155,1,-16,0,-8,8,1658866213.5506444
356,357,367.0,357.5,216,147,1,-12,0,-4,11,1658866213.8166466
357,358,405.5,361.5,209,143,-1,-8,0,-1,-13,1658866214.0586433
358,359,430.5,360.5,205,141,-1,-5,0,0,-14,1658866214.3106434
359,360,454.5,359.5,201,139,-1,-2,0,0,-15,1658866214.5706456
360,361,474.0,355.0,196,134,-1,0,0,4,-12,1658866214.819647
361,362,482.5,349.5,183,125,-1,0,-1,11,-12,1658866215.0936446
362,363,499.0,349.0,174,116,-1,2,-1,20,0,1658866215.3326433
363,364,525.5,347.5,167,111,-1,6,-1,25,0,1658866215.6036546
364,365,559.0,346.5,160,103,-1,12,-2,35,0,1658866215.8646436
365,366,584.0,348.0,160,100,-1,16,-1,39,0,1658866216.2286453
366,367,604.5,341.5,153,105,-1,18,-2,32,-13,1658866216.5366452
367,368,605.0,329.5,152,103,-1,19,-4,35,-10,1658866216.7966435
368,369,608.0,310.5,146,89,-1,22,-8,55,0,1658866217.106716
369,370,604.0,298.0,144,94,-1,20,-10,47,0,1658866217.476716
370,371,602.5,290.5,139,93,-1,20,-11,49,-4,1658866217.8637164
371,372,607.0,287.5,128,75,1,26,-15,84,0,1658866218.1362348
372,373,612.5,278.0,125,76,1,27,-16,82,0,1658866218.4072409
373,374,619.0,264.5,122,89,1,24,-16,55,23,1658866218.6717796
374,375,627.0,239.5,120,75,-1,30,-25,84,0,1658866218.9517791
375,376,633.5,235.5,115,67,1,36,-29,106,0,1658866219.199294
376,377,635.0,235.0,108,66,1,37,-29,109,0,1658866219.4612944
377,378,638.5,237.5,93,67,1,37,-28,106,22,1658866219.7002945
378,379,638.0,239.0,82,66,1,37,-28,109,34,1658866219.9528105
379,380,636.0,239.5,78,65,1,37,-29,112,36,1658866220.1898096
380,381,638.5,239.5,73,63,1,39,-30,119,39,1658866220.4273248
381,382,645.0,239.5,72,63,1,41,-30,119,40,1658866220.714325
382,383,655.5,234.0,79,62,-1,44,-31,122,-31,1658866220.9553235
383,384,668.0,233.0,82,58,1,51,-34,137,19,1658866221.2078376
384,385,677.5,227.0,83,58,1,54,-36,137,17,1658866221.5029197
385,386,688.5,224.5,77,55,1,60,-38,150,21,1658866221.7459188
386,387,700.0,225.5,78,55,1,63,-38,150,19,1658866221.991522
387,388,714.5,226.0,81,54,1,69,-39,155,0,1658866222.2615871
388,389,733.5,226.5,81,53,1,76,-39,160,0,1658866222.5171158
389,390,750.0,227.5,82,53,1,82,-39,160,0,1658866222.7861192
390,391,768.5,228.5,81,53,1,88,-39,160,0,1658866223.0521438
391,392,792.5,228.0,79,52,1,97,-39,165,0,1658866223.3041458
392,393,812.0,224.5,80,57,-1,95,-37,142,-20,1658866223.5806615
393,394,828.5,223.0,77,62,-1,92,-34,122,-34,1658866223.9256654
394,395,826.0,228.5,76,61,-1,93,-33,126,-33,1658866224.1906614
395,396,817.5,247.5,77,47,1,117,-37,193,0,1658866224.4556646
396,397,810.5,264.5,77,51,-1,106,-29,170,0,1658866224.7366617
397,398,795.5,279.5,81,53,-1,97,-23,160,0,1658866224.993663
398,399,785.5,293.0,89,54,-1,92,-19,155,0,1658866225.2406652
399,400,771.0,300.5,86,53,-1,88,-17,160,0,1658866225.514662
400,401,751.0,311.0,80,52,-1,84,-14,165,0,1658866225.7826624
401,402,733.0,325.5,84,51,-1,79,-10,170,0,1658866226.0676677
402,403,718.5,337.5,83,51,-1,74,-6,170,0,1658866226.3566623
403,404,708.5,351.5,85,57,-1,64,-2,142,-6,1658866226.6286623
404,405,703.0,361.5,88,59,-1,60,0,133,-6,1658866226.8786623
405,406,702.0,366.5,94,71,1,50,1,94,28,1658866227.132661
406,407,704.0,375.5,92,61,1,58,3,126,0,1658866227.3786612
407,408,704.5,379.0,95,72,1,49,4,92,28,1658866227.633173
408,409,707.5,393.5,99,63,1,57,8,119,0,1658866227.9001741
409,410,712.0,402.0,104,64,-1,58,10,115,0,1658866228.1812096
410,411,720.0,411.0,112,68,1,56,11,103,0,1658866228.441212
411,412,731.0,422.0,118,68,1,59,14,103,0,1658866228.7202084
412,413,750.0,434.0,124,70,-1,62,16,97,0,1658866228.9882085
413,414,763.0,440.5,130,73,-1,62,17,89,0,1658866229.3567262
414,415,768.5,455.0,133,78,-1,60,19,77,0,1658866229.6407259
415,416,765.0,473.0,134,80,-1,57,22,73,0,1658866229.922739
416,417,738.0,483.0,146,82,1,50,23,68,0,1658866230.208739
417,418,708.0,487.0,148,84,1,43,23,64,0,1658866230.48974
418,419,682.5,481.0,151,80,-1,40,23,73,0,1658866230.764724
419,420,661.0,488.5,152,81,-1,35,25,70,0,1658866231.0582395
420,421,640.0,507.0,154,94,1,27,24,47,0,1658866231.3417714
421,422,627.5,522.0,159,98,1,23,26,41,0,1658866231.6257708
422,423,619.0,546.0,164,102,-1,21,29,36,0,1658866231.9007714
423,424,610.5,565.0,171,108,1,19,30,28,0,1658866232.1887712
424,425,604.0,581.5,180,117,1,16,30,19,0,1658866232.4667675
425,426,599.0,595.0,184,114,1,16,33,22,0,1658866232.7317705
426,427,596.5,607.0,195,120,-1,15,33,16,0,1658866233.0777678
427,428,602.5,607.5,201,127,1,15,31,10,0,1658866233.3342948
428,429,607.0,603.0,210,128,1,15,30,9,0,1658866233.6188157
429,430,612.5,584.5,221,147,-1,14,24,-4,0,1658866233.9018085
430,431,615.5,554.0,225,156,1,13,20,-9,15,1658866234.1538057
431,432,617.5,512.0,231,150,-1,14,16,-6,0,1658866234.407327
432,433,617.5,484.5,237,153,-1,14,13,-7,0,1658866234.706322
433,434,609.5,458.5,237,127,1,16,12,10,0,1658866234.9613192
434,435,603.0,434.0,236,144,1,13,8,-2,0,1658866235.2298307
435,436,596.5,406.5,225,149,1,12,4,-5,0,1658866235.515831
436,437,584.5,382.0,211,144,1,11,2,-2,12,1658866235.7813525
437,438,581.5,366.0,209,140,1,11,0,0,5,1658866236.032352
438,439,573.5,352.5,207,131,1,11,0,6,0,1658866236.2893534
439,440,548.0,341.0,194,130,1,8,-2,7,5,1658866236.5543523
440,441,529.0,331.0,186,128,1,6,-3,9,14,1658866236.8163555
441,442,511.0,322.0,188,126,1,3,-4,11,5,1658866237.0583522
442,443,499.5,313.5,181,125,1,2,-5,11,15,1658866237.3223526
443,444,491.5,304.5,179,121,1,1,-7,15,9,1658866237.599355
444,445,490.5,296.5,173,117,1,1,-8,19,9,1658866237.8693523
445,446,487.0,284.5,166,115,1,0,-10,21,15,1658866238.119352
446,447,472.5,274.0,165,114,1,-1,-11,22,15,1658866238.3603523
447,448,461.5,267.0,161,108,1,-2,-13,28,6,1658866238.631353
448,449,440.0,260.0,158,106,1,-5,-14,31,6,1658866238.8953524
449,450,420.0,253.5,152,105,1,-9,-16,32,15,1658866239.1553552
450,451,408.0,245.5,150,105,1,-10,-17,32,17,1658866239.4083588
451,452,399.0,237.5,148,105,1,-12,-18,32,20,1658866239.6748686
452,453,390.0,220.0,144,104,1,-13,-21,33,22,1658866239.9463854
453,454,384.0,203.5,140,101,1,-15,-24,37,22,1658866240.231383
454,455,370.5,192.5,141,103,1,-16,-25,35,24,1658866240.5093822
455,456,349.5,182.0,141,106,1,-19,-26,31,27,1658866240.7479284
456,457,326.5,175.0,139,106,1,-23,-27,31,29,1658866240.9829278
457,458,307.0,173.5,136,105,1,-26,-28,32,30,1658866241.216926
458,459,292.5,175.5,137,103,1,-29,-28,35,27,1658866241.4679263
459,460,290.0,182.0,132,96,1,-31,-29,44,23,1658866241.7229266
460,461,296.5,198.5,129,85,1,-34,-30,63,0,1658866241.9799266
461,462,308.0,213.0,120,82,1,-33,-28,68,12,1658866242.2369292
462,463,340.5,221.0,119,80,1,-27,-27,73,7,1658866242.5019255
463,464,376.5,226.0,121,82,1,-19,-25,68,10,1658866242.7639287
464,465,409.0,232.0,120,82,1,-13,-24,68,12,1658866243.0169263
465,466,440.0,236.0,120,72,-1,-8,-27,92,0,1658866243.2659292
466,467,462.0,240.0,122,78,-1,-3,-24,77,0,1658866243.5159287
467,468,484.0,250.0,122,74,1,0,-23,86,0,1658866243.7844431
468,469,506.5,260.0,127,84,1,4,-18,64,0,1658866244.0529544
469,470,538.0,270.5,132,89,1,10,-15,55,8,1658866244.3069527
470,471,566.0,279.0,132,90,1,15,-14,54,12,1658866244.581998
471,472,593.5,279.5,133,91,1,19,-13,52,13,1658866244.8380015
472,473,623.5,279.0,133,92,-1,24,-13,50,-15,1658866245.0949984
473,474,659.5,277.0,133,92,1,31,-14,50,15,1658866245.3609982
474,475,692.0,277.0,128,90,1,37,-14,54,18,1658866245.6199994
475,476,717.0,281.0,130,88,1,43,-14,57,9,1658866245.882998
476,477,736.0,286.0,124,82,1,50,-14,68,0,1658866246.1469986
477,478,747.0,289.5,120,77,1,56,-14,79,0,1658866246.4209986
478,479,751.0,287.5,116,67,-1,65,-16,106,0,1658866246.6939979
479,480,749.5,285.5,115,73,-1,59,-16,89,0,1658866246.9940014
480,481,748.0,297.5,110,75,-1,57,-13,84,-12,1658866247.2589982
481,482,744.5,309.0,111,82,-1,52,-9,68,-25,1658866247.5299978
482,483,742.5,332.5,109,61,1,69,-7,126,0,1658866247.8050013
483,484,738.0,341.5,106,83,1,50,-3,66,31,1658866248.059998
484,485,726.5,356.0,103,72,-1,55,0,92,-17,1658866248.419001
485,486,726.5,356.0,103,72,-1,55,0,92,-17,1658866248.659001
486,487,682.0,384.0,100,70,-1,45,5,97,-17,1658866248.907
487,488,664.0,387.5,104,67,-1,43,6,106,0,1658866249.1649995
488,489,639.5,403.5,101,63,1,40,10,119,0,1658866249.4336157
489,490,617.5,410.5,101,71,1,30,11,94,18,1658866249.7026129
490,491,594.5,413.5,103,71,1,25,11,94,14,1658866249.9536138
491,492,571.5,414.0,101,70,1,20,12,97,15,1658866250.2141447
492,493,548.5,413.0,101,68,1,15,12,103,8,1658866250.4701478
493,494,527.5,400.5,103,61,-1,12,10,126,0,1658866250.7151463
494,495,503.0,386.0,108,70,-1,5,5,97,0,1658866250.9631457
495,496,476.5,379.5,107,73,-1,0,4,89,-12,1658866251.223148
496,497,446.0,384.5,106,61,1,-8,6,126,0,1658866251.4951458
497,498,409.5,385.0,109,68,1,-16,5,103,0,1658866251.850145
498,499,374.0,387.0,112,72,1,-23,5,92,0,1658866252.114146
499,500,342.5,378.5,117,67,-1,-32,4,106,0,1658866252.3811457
500,501,322.5,362.0,123,78,-1,-31,0,77,0,1658866252.6501453
501,502,319.0,345.0,118,82,-1,-31,-2,68,-16,1658866252.8951461
502,503,321.5,326.0,121,80,-1,-31,-6,73,0,1658866253.1561487
503,504,324.0,305.5,126,83,-1,-29,-10,66,0,1658866253.4211497
504,505,327.0,289.0,126,72,1,-33,-15,92,0,1658866253.693148
505,506,319.5,277.0,127,78,1,-32,-16,77,0,1658866253.9551477
506,507,303.5,268.5,133,89,1,-31,-16,55,4,1658866254.2191455
507,508,280.0,249.0,140,82,-1,-38,-21,68,0,1658866254.4991457
508,509,248.5,244.5,149,91,-1,-40,-20,52,0,1658866254.7481453
509,510,227.5,247.5,141,81,1,-50,-21,70,0,1658866255.0296564
510,511,207.0,249.0,144,92,1,-48,-19,50,0,1658866255.3006592
511,512,200.0,251.5,144,97,1,-46,-17,43,8,1658866255.5596564
512,513,199.0,249.5,150,101,1,-45,-17,37,8,1658866255.8236568
513,514,205.0,245.0,152,106,1,-42,-17,31,17,1658866256.0906594
514,515,211.5,241.0,155,112,1,-39,-16,24,22,1658866256.3776565
515,516,220.0,233.5,166,123,1,-34,-16,13,25,1658866256.6336603
516,517,228.0,229.0,170,128,1,-32,-16,9,27,1658866256.8896594
517,518,235.5,224.5,173,135,1,-29,-16,3,31,1658866257.1366582
518,519,241.0,220.5,178,139,1,-28,-16,0,31,1658866257.3826582
519,520,248.5,222.0,179,138,1,-27,-16,1,30,1658866257.6242197
520,521,249.0,222.5,182,139,1,-27,-15,0,29,1658866257.8847306
521,522,248.5,226.5,183,141,1,-26,-15,0,30,1658866258.14773
522,523,243.0,231.5,192,151,1,-25,-13,-6,32,1658866258.3937306
523,524,239.5,237.0,199,156,1,-25,-12,-9,31,1658866258.6537309
524,525,241.5,245.0,203,162,1,-24,-11,-12,33,1658866258.9117312
525,526,251.0,247.5,214,165,1,-22,-10,-14,30,1658866259.15173
526,527,283.5,248.5,219,167,1,-19,-10,-15,29,1658866259.4127321
527,528,341.0,247.5,226,167,1,-13,-10,-15,25,1658866259.6597304
528,529,382.0,244.5,226,171,1,-9,-10,-17,28,1658866259.9127307
529,530,428.0,241.0,224,168,1,-4,-11,-15,27,1658866260.1842997
530,531,472.0,239.0,222,162,1,0,-12,-12,23,1658866260.4602985
531,532,515.0,239.5,214,153,1,3,-12,-7,21,1658866260.7258203
532,533,553.0,241.5,214,147,1,7,-12,-4,13,1658866260.9818225
533,534,566.5,247.5,235,121,-1,11,-14,15,0,1658866261.279828
534,535,615.5,244.0,197,122,-1,17,-15,14,0,1658866261.5638208
535,536,662.0,241.0,188,120,-1,24,-15,16,0,1658866261.8283374
536,537,698.5,237.5,177,115,-1,30,-16,21,0,1658866262.0903373
537,538,724.5,237.5,167,113,-1,35,-17,23,-9,1658866262.3563368
538,539,748.5,239.0,161,112,-1,39,-17,24,-16,1658866262.6423388
539,540,772.0,244.5,150,109,-1,43,-16,27,-23,1658866262.8813372
540,541,786.5,251.5,141,109,-1,46,-15,27,-30,1658866263.1523364
541,542,790.0,259.0,128,106,-1,48,-15,31,-36,1658866263.4018505
542,543,790.0,268.5,116,103,-1,49,-14,35,-41,1658866263.64637
543,544,785.5,279.0,111,102,-1,49,-12,36,-43,1658866263.885373
544,545,775.5,283.5,101,101,-1,47,-11,37,-48,1658866264.1143706
545,546,768.0,285.5,88,99,-1,47,-11,40,-53,1658866264.3263702
546,547,761.5,287.0,79,96,-1,47,-11,44,-56,1658866264.5758827
547,548,758.5,290.5,75,95,-1,47,-11,46,-58,1658866264.7858846
548,549,757.5,293.0,75,94,1,47,-11,47,57,1658866265.0214002
549,550,756.5,294.0,71,94,1,47,-11,47,59,1658866265.2464058
550,551,754.5,295.0,75,94,1,47,-10,47,57,1658866265.480916
551,552,752.5,296.5,75,95,1,46,-10,46,58,1658866265.718916
552,553,750.0,297.0,76,96,1,45,-10,44,58,1658866265.943916
553,554,748.0,297.0,80,96,1,45,-10,44,56,1658866266.1619153
554,555,749.5,297.0,79,96,1,45,-10,44,56,1658866266.3869164
555,556,753.0,296.0,78,96,1,46,-10,44,57,1658866266.609922
556,557,757.0,295.0,80,94,1,47,-10,47,55,1658866266.8209152
557,558,759.5,293.0,79,92,1,49,-11,50,55,1658866267.0469153
558,559,758.0,290.5,78,87,1,51,-12,59,53,1658866267.2699213
559,560,753.0,290.0,76,86,1,51,-12,61,53,1658866267.498917
560,561,747.5,291.5,75,83,1,52,-12,66,52,1658866267.717916
561,562,744.0,297.5,72,77,1,55,-12,79,51,1658866267.9569166
562,563,738.0,305.0,68,72,1,57,-11,92,50,1658866268.1959157
563,564,732.5,311.0,71,72,1,56,-10,92,48,1658866268.4209208
564,565,730.0,311.0,68,52,-1,77,-14,165,-29,1658866268.6709185
565,566,727.0,319.0,66,54,1,73,-11,155,35,1658866268.885916
566,567,721.0,331.0,64,62,1,62,-7,122,46,1658866269.11092
567,568,713.0,331.5,60,51,-1,73,-8,170,-38,1658866269.396917
568,569,697.5,332.5,63,55,-1,63,-7,150,-40,1658866269.6294363
569,570,683.0,331.0,60,56,-1,57,-8,146,-44,1658866269.8504431
570,571,664.0,328.5,60,59,-1,49,-8,133,-47,1658866270.0554352
571,572,649.0,326.0,62,60,-1,44,-8,130,-46,1658866270.2859464
572,573,635.0,321.5,64,59,-1,41,-10,133,-43,1658866270.513946
573,574,619.5,311.5,69,61,-1,36,-12,126,-41,1658866270.7359452
574,575,606.5,302.5,67,63,-1,31,-14,119,-44,1658866270.948947
575,576,595.0,297.0,72,62,-1,29,-15,122,-39,1658866271.1759462
576,577,585.5,291.5,69,49,1,33,-21,181,20,1658866271.395949
577,578,574.5,285.0,69,66,1,22,-17,109,45,1658866271.607954
578,579,573.0,268.5,74,53,-1,27,-27,160,-21,1658866271.8249524
579,580,578.0,262.5,74,53,1,28,-28,160,21,1658866272.0489457
580,581,585.5,267.0,79,68,1,24,-21,103,39,1658866272.277945
581,582,602.5,269.0,81,70,1,27,-20,97,39,1658866272.4989479
582,583,620.0,272.0,82,72,1,30,-19,92,40,1658866272.7394595
583,584,639.5,274.5,83,73,1,34,-18,89,40,1658866272.9854603
584,585,658.5,280.0,85,74,-1,38,-16,86,-40,1658866273.2209723
585,586,677.0,283.5,88,75,1,41,-16,84,38,1658866273.466069
586,587,694.5,286.5,89,77,1,44,-14,79,39,1658866273.7105818
587,588,713.0,288.5,94,79,1,47,-14,75,37,1658866273.9520946
588,589,731.0,289.5,98,81,1,49,-13,70,36,1658866274.1810935
589,590,751.0,289.5,98,81,1,54,-13,70,36,1658866274.4250937
590,591,761.5,288.0,97,80,1,57,-14,73,36,1658866274.6686072
591,592,757.5,286.5,101,81,1,55,-14,70,33,1658866274.9266064
592,593,749.5,281.0,99,80,-1,54,-15,73,-34,1658866275.1786063
593,594,712.5,272.5,95,81,1,46,-16,70,38,1658866275.411608
594,595,681.5,270.0,95,82,1,39,-17,68,39,1658866275.6476064
595,596,656.5,266.0,99,64,-1,43,-23,115,0,1658866275.889121
596,597,629.0,273.0,98,70,-1,33,-19,97,-21,1658866276.1291223
597,598,609.0,278.5,98,73,-1,27,-17,89,-26,1658866276.377121
598,599,585.5,293.5,89,83,1,20,-12,66,44,1658866276.6051211
599,600,563.0,302.5,94,97,-1,13,-9,43,-49,1658866276.8331242
600,601,538.5,310.0,103,100,-1,9,-7,39,-46,1658866277.057124
601,602,509.5,316.5,119,95,1,4,-7,46,33,1658866277.2951243
602,603,483.5,316.0,133,76,-1,0,-9,82,0,1658866277.5576386
603,604,457.0,327.0,142,80,1,-4,-6,73,0,1658866277.8291554
604,605,437.0,343.0,154,96,-1,-7,-2,44,0,1658866278.1171706
605,606,432.0,354.5,154,91,1,-8,0,52,0,1658866278.392458
606,607,430.0,364.0,168,102,1,-7,0,36,0,1658866278.6814606
607,608,425.0,376.0,178,102,1,-8,2,36,0,1658866278.9524598
608,609,406.0,390.0,192,112,1,-10,4,24,0,1658866279.2194598
609,610,390.5,409.5,201,115,1,-12,6,21,0,1658866279.500461
610,611,385.5,428.0,201,122,1,-12,8,14,0,1658866279.7429733
611,612,388.5,436.5,205,129,1,-11,9,8,0,1658866279.9974895
612,613,403.0,434.0,218,126,1,-9,9,11,0,1658866280.2600074
613,614,441.5,439.0,215,134,1,-4,9,4,0,1658866280.5130215
614,615,472.0,440.5,222,135,1,0,9,3,0,1658866280.754007
615,616,500.5,443.0,221,136,1,2,9,3,0,1658866281.0215209
616,617,544.5,454.5,225,137,1,7,10,2,0,1658866281.2780411
617,618,581.5,471.5,235,141,1,11,12,0,0,1658866281.546076
618,619,623.0,486.0,244,152,1,15,13,-7,0,1658866281.812076
619,620,658.0,498.5,236,149,-1,19,14,-5,0,1658866282.1190794
620,621,679.5,505.0,231,144,-1,22,16,-2,0,1658866282.3820796
621,622,673.5,499.0,223,140,-1,22,15,0,0,1658866282.639076
622,623,662.5,492.0,215,134,-1,21,15,4,0,1658866282.915077
623,624,659.5,475.0,205,122,-1,23,14,14,0,1658866283.1915987
624,625,645.0,452.5,192,121,-1,21,12,15,0,1658866283.4611185
625,626,632.0,428.0,184,128,1,19,8,9,16,1658866283.715118
626,627,622.5,408.0,185,128,1,17,5,9,15,1658866283.9751177
627,628,620.0,385.0,180,126,1,17,3,11,17,1658866284.2476342
628,629,614.5,354.5,163,117,1,18,0,19,21,1658866284.4921513
629,630,598.0,332.5,148,125,-1,15,-3,11,-37,1658866284.736659
630,631,570.0,309.0,142,122,-1,11,-6,14,-39,1658866284.961174
631,632,540.5,285.0,139,102,-1,9,-11,36,-24,1658866285.2237175
632,633,502.5,257.0,147,100,1,3,-16,39,11,1658866285.490716
633,634,486.0,232.0,142,98,1,0,-20,41,14,1658866285.741719
634,635,479.5,215.0,135,94,-1,0,-24,47,-16,1658866285.9967167
635,636,472.0,194.5,128,93,1,-1,-28,49,23,1658866286.2522316
636,637,470.5,179.5,121,85,1,-1,-33,63,18,1658866286.503232
637,638,473.0,166.5,116,81,1,-1,-38,70,17,1658866286.746231
638,639,475.5,154.5,115,81,1,0,-40,70,18,1658866287.0042305
639,640,484.5,139.0,105,76,-1,0,-46,82,-22,1658866287.2572327
640,641,496.0,126.0,96,74,-1,3,-50,86,-30,1658866287.518751
641,642,520.5,116.5,93,73,-1,8,-53,89,-31,1658866287.7552655
642,643,531.5,104.5,87,61,-1,13,-67,126,-18,1658866288.0012667
643,644,533.0,110.0,90,56,1,14,-71,146,0,1658866288.2632678
644,645,531.5,114.0,87,58,-1,13,-68,137,0,1658866288.5182664
645,646,524.0,116.0,86,58,-1,11,-67,137,-8,1658866288.779267
646,647,518.0,119.0,82,58,-1,10,-66,137,-19,1658866289.0217876
647,648,516.5,128.5,71,49,1,11,-75,181,14,1658866289.2783039
648,649,512.0,133.5,72,51,-1,9,-70,170,-19,1658866289.542303
649,650,512.0,136.0,72,48,-1,10,-74,187,0,1658866289.8093004
650,651,515.0,134.0,72,54,-1,10,-66,155,-27,1658866290.0613034
651,652,518.0,138.5,72,47,1,12,-75,193,0,1658866290.4108138
652,653,516.5,142.5,71,49,1,11,-70,181,14,1658866290.6598132
653,654,513.0,143.5,72,51,1,10,-67,170,19,1658866290.9148142
654,655,510.0,140.5,74,51,1,9,-68,170,14,1658866291.1658134
655,656,510.0,137.5,76,53,1,8,-66,160,17,1658866291.4158168
656,657,513.5,134.0,79,56,1,9,-64,146,19,1658866291.673813
657,658,526.0,134.0,82,56,1,12,-64,146,12,1658866291.9418144
658,659,542.0,140.5,82,55,1,17,-63,150,6,1658866292.1898131
659,660,557.0,146.0,80,54,1,22,-63,155,9,1658866292.4538136
660,661,573.5,150.5,75,49,-1,29,-68,181,0,1658866292.7063682
661,662,586.5,155.0,77,52,1,32,-62,165,9,1658866292.9568763
662,663,608.5,160.0,85,56,1,36,-56,146,0,1658866293.212392
663,664,637.5,163.0,89,58,1,42,-53,137,0,1658866293.469934
664,665,666.5,165.0,89,56,1,52,-55,146,0,1658866293.7139342
665,666,698.0,164.0,88,64,1,54,-48,115,23,1658866293.9769325
666,667,725.5,168.0,91,60,1,65,-50,130,0,1658866294.2249327
667,668,744.0,170.5,92,59,1,72,-50,133,0,1658866294.4899635
668,669,763.0,174.0,90,50,-1,91,-58,175,0,1658866294.7489653
669,670,781.0,184.0,92,50,1,97,-55,175,0,1658866295.0179634
670,671,798.5,192.0,95,50,1,103,-53,175,0,1658866295.3089652
671,672,802.0,193.0,94,52,1,101,-50,165,0,1658866295.5969636
672,673,793.0,190.5,92,53,1,96,-50,160,0,1658866295.8569634
673,674,784.5,189.5,91,53,1,93,-50,160,0,1658866296.1374803
674,675,759.5,189.0,87,52,1,86,-51,165,0,1658866296.3994806
675,676,739.0,190.0,84,52,1,80,-51,165,0,1658866296.6854825
676,677,721.5,196.0,85,52,-1,74,-49,165,0,1658866296.9419916
677,678,708.0,201.0,88,42,-1,86,-59,228,0,1658866297.2195134
678,679,699.0,223.5,86,51,-1,68,-42,170,0,1658866297.4885135
679,680,683.5,236.0,87,54,-1,59,-36,155,0,1658866297.76952
680,681,664.0,247.0,86,54,-1,53,-32,155,0,1658866298.0465157
681,682,644.5,257.0,83,56,-1,46,-28,146,-8,1658866298.316516
682,683,620.5,266.0,85,52,-1,42,-28,165,0,1658866298.584513
683,684,602.0,272.0,86,50,1,38,-27,175,0,1658866298.8835125
684,685,582.0,277.5,88,51,-1,31,-25,170,0,1658866299.1675127
685,686,556.0,276.0,90,58,-1,20,-22,137,0,1658866299.4125128
686,687,536.5,279.5,85,51,1,17,-24,170,0,1658866299.678515
687,688,516.0,284.5,86,59,1,9,-20,133,13,1658866299.9405148
688,689,499.0,279.5,88,53,-1,5,-23,160,0,1658866300.2155166
689,690,479.0,276.5,96,59,-1,0,-22,133,0,1658866300.4805164
690,691,464.0,280.5,98,61,-1,-4,-20,126,0,1658866300.777043
691,692,449.0,287.0,98,66,-1,-7,-17,109,-8,1658866301.0470264
692,693,430.0,288.5,102,67,-1,-11,-16,106,0,1658866301.3110273
693,694,414.5,289.0,105,68,-1,-15,-16,103,0,1658866301.6070282
694,695,397.0,287.5,108,69,-1,-18,-16,100,0,1658866301.878026
695,696,379.5,284.0,111,72,-1,-21,-16,92,0,1658866302.1600251
696,697,361.5,279.0,115,74,-1,-25,-17,86,0,1658866302.4260266
697,698,346.0,274.0,122,76,-1,-27,-17,82,0,1658866302.7070348
698,699,337.0,272.0,122,72,1,-31,-19,92,0,1658866303.0710254
699,700,331.5,262.5,127,81,1,-29,-18,70,0,1658866303.358554
700,701,323.5,256.0,131,88,1,-28,-18,57,7,1658866303.618538
701,702,314.5,253.0,135,90,1,-29,-18,54,0,1658866303.8845837
702,703,308.0,251.5,138,87,-1,-31,-19,59,0,1658866304.1500962
703,704,305.5,246.5,147,89,-1,-31,-20,55,0,1658866304.4040992
704,705,312.0,251.0,152,94,1,-28,-18,47,0,1658866304.6600976
705,706,325.0,256.5,158,99,1,-24,-16,40,0,1658866304.9206142
706,707,355.5,262.5,149,103,1,-19,-14,35,15,1658866305.170616
707,708,383.5,267.5,143,103,1,-14,-14,35,22,1658866305.4221327
708,709,417.5,272.5,149,105,1,-9,-13,32,18,1658866305.6751306
709,710,457.0,279.0,154,106,1,-3,-12,31,14,1658866305.9186485
710,711,485.0,287.5,162,109,1,0,-10,27,7,1658866306.1831598
711,712,508.5,298.5,171,105,1,4,-9,32,0,1658866306.4431632
712,713,536.5,315.0,177,108,1,8,-6,28,0,1658866306.6941595
713,714,557.0,330.0,176,104,1,11,-4,33,0,1658866306.9601612
714,715,576.5,354.5,185,107,1,14,0,30,0,1658866307.229173
715,716,593.5,377.5,195,113,-1,15,2,23,0,1658866307.4971611
716,717,613.0,393.5,206,121,1,17,4,15,0,1658866307.7771626
717,718,632.0,400.5,204,135,-1,18,4,3,0,1658866308.0446901
718,719,643.0,396.0,206,134,-1,19,4,4,0,1658866308.31669
719,720,637.0,386.0,194,138,1,18,2,1,20,1658866308.56571
720,721,634.0,378.0,184,146,-1,16,1,-3,-32,1658866308.8137186
721,722,630.0,365.5,182,149,-1,16,0,-5,-35,1658866309.0507154
722,723,618.5,358.5,167,153,-1,14,0,-7,-43,1658866309.285715
723,724,591.5,351.5,157,155,-1,11,0,-8,-47,1658866309.5187163
724,725,568.0,340.5,154,151,-1,9,-2,-6,-47,1658866309.7467175
725,726,546.0,328.5,160,143,-1,7,-3,-1,-41,1658866309.9827216
726,727,519.5,319.5,141,143,-1,4,-4,-1,-48,1658866310.2137156
727,728,490.5,309.0,141,140,-1,1,-5,0,-47,1658866310.433718
728,729,467.5,302.0,127,136,-1,-1,-6,3,-51,1658866310.6597157
729,730,449.5,297.0,131,136,-1,-3,-7,3,-50,1658866310.8947158
730,731,432.0,295.0,132,136,-1,-5,-7,3,-49,1658866311.1377175
731,732,416.0,294.5,140,131,-1,-7,-7,6,-44,1658866311.3692315
732,733,398.5,293.0,159,128,-1,-10,-8,9,-34,1658866311.6167445
733,734,377.0,294.0,166,128,-1,-12,-8,9,-30,1658866311.8677456
734,735,355.0,299.0,164,128,-1,-15,-7,9,-31,1658866312.1137452
735,736,342.0,311.5,162,125,-1,-17,-6,11,-30,1658866312.348745
736,737,348.5,332.5,173,119,1,-17,-3,17,14,1658866312.6207466
737,738,360.5,357.5,175,119,1,-15,0,17,11,1658866312.876746
738,739,390.0,369.0,184,124,-1,-11,1,12,-8,1658866313.14775
739,740,427.0,367.0,186,124,1,-6,0,12,0,1658866313.4152653
740,741,458.5,361.0,181,124,1,-2,0,12,13,1658866313.6697733
741,742,484.0,348.5,176,121,-1,0,-1,15,-14,1658866313.9247723
742,743,514.0,334.0,162,114,-1,4,-3,22,-18,1658866314.186772
743,744,542.0,319.5,154,105,-1,9,-6,32,-12,1658866314.4617717
744,745,577.0,311.5,158,99,-1,15,-7,40,0,1658866314.7177718
745,746,594.5,302.0,155,98,-1,18,-9,41,0,1658866315.0107803
746,747,615.0,291.5,156,97,-1,22,-11,43,0,1658866315.3147752
747,748,636.5,285.5,155,97,-1,25,-12,43,0,1658866315.588774
748,749,656.5,280.5,149,97,-1,29,-12,43,0,1658866315.8737738
749,750,677.5,277.5,145,99,-1,31,-13,40,-12,1658866316.1477747
750,751,690.0,274.0,144,98,-1,34,-13,41,-11,1658866316.4163105
751,752,700.5,270.0,137,96,-1,36,-14,44,-17,1658866316.6808226
752,753,706.0,264.5,132,93,1,39,-16,49,18,1658866316.9398208
753,754,705.5,261.0,127,92,-1,39,-16,50,-23,1658866317.187821
754,755,701.5,257.5,125,87,1,40,-18,59,16,1658866317.4653432
755,756,694.5,252.5,123,81,1,42,-20,70,0,1658866317.748345
756,757,680.0,244.5,122,77,-1,41,-23,79,0,1658866318.0113454
757,758,671.5,235.5,119,75,1,40,-26,84,0,1658866318.2963426
758,759,663.5,231.0,115,74,1,39,-27,86,0,1658866318.5743423
759,760,658.5,227.5,111,71,1,39,-29,94,0,1658866318.8513446
760,761,657.0,224.0,112,70,1,40,-30,97,0,1658866319.119343
761,762,655.5,220.5,107,69,1,40,-31,100,0,1658866319.37937
762,763,657.0,216.0,98,66,1,42,-34,109,8,1658866319.647371
763,764,662.0,213.5,90,63,1,45,-36,119,17,1658866319.9573705
764,765,664.0,202.5,88,63,-1,46,-39,119,-21,1658866320.2263734
765,766,660.0,196.0,94,68,-1,42,-38,103,-22,1658866320.4928868
766,767,657.0,196.5,88,53,1,52,-48,160,0,1658866320.7558825
767,768,647.5,188.5,89,53,1,49,-51,160,0,1658866321.0219152
768,769,634.5,185.0,89,54,1,45,-51,155,0,1658866321.2959156
769,770,620.5,182.5,85,57,1,38,-49,142,6,1658866321.577436
770,771,605.0,171.5,82,53,-1,37,-56,160,0,1658866321.8264313
771,772,594.0,170.5,80,49,1,36,-61,181,0,1658866322.0884335
772,773,576.5,168.0,77,50,1,30,-60,175,0,1658866322.3434312
773,774,556.5,166.0,75,56,1,21,-55,146,26,1658866322.5884311
774,775,531.5,165.5,75,59,1,13,-52,133,32,1658866322.821431
775,776,513.0,165.0,80,60,1,8,-51,130,27,1658866323.0764315
776,777,496.0,166.0,84,60,1,4,-51,130,21,1658866323.3084323
777,778,484.0,166.5,86,61,1,1,-50,126,19,1658866323.5724318
778,779,473.5,168.5,89,63,1,-1,-48,119,19,1658866323.8194337
779,780,465.0,167.5,92,53,-1,-4,-57,160,0,1658866324.0914319
780,781,452.0,172.5,96,59,-1,-7,-50,133,0,1658866324.3474307
781,782,442.0,179.0,92,56,-1,-10,-51,146,0,1658866324.6364324
782,783,430.0,187.5,90,61,1,-12,-44,126,10,1658866324.9014316
783,784,419.5,193.0,89,62,1,-15,-42,122,16,1658866325.178431
784,785,411.5,201.5,87,63,1,-17,-39,119,22,1658866325.449434
785,786,408.0,215.0,88,68,1,-16,-33,103,30,1658866325.709431
786,787,403.5,234.5,89,75,1,-16,-26,84,37,1658866325.9429917
787,788,398.0,251.5,90,77,1,-16,-22,79,38,1658866326.1789896
788,789,389.5,270.0,91,80,1,-17,-17,73,40,1658866326.4139895
789,790,378.0,289.0,96,82,1,-19,-13,68,38,1658866326.6529887
790,791,368.5,313.0,95,88,1,-19,-8,57,43,1658866326.8829894
791,792,358.5,337.0,93,92,1,-20,-3,50,47,1658866327.1015146
792,793,352.5,357.0,95,96,-1,-21,0,44,-48,1658866327.3120131
793,794,345.0,378.5,96,103,1,-20,2,35,51,1658866327.542013
794,795,341.0,396.5,98,105,1,-21,5,32,51,1658866327.7720158
795,796,333.0,402.5,98,109,1,-21,6,27,53,1658866327.994015
796,797,318.0,396.0,92,116,-1,-22,4,20,-58,1658866328.2470136
797,798,311.0,394.0,98,104,1,-25,5,33,51,1658866328.5075257
798,799,302.0,369.5,100,101,1,-28,1,37,48,1658866328.7300549
799,800,298.0,342.0,106,98,1,-29,-2,41,43,1658866328.9430516
800,801,292.5,311.5,113,95,1,-31,-8,46,37,1658866329.1770523
801,802,289.5,277.5,117,85,1,-35,-15,63,23,1658866329.4240522
802,803,283.5,248.5,119,83,1,-37,-21,66,17,1658866329.6885695
803,804,279.0,231.0,126,84,1,-38,-24,64,0,1658866329.9440796
804,805,277.5,221.0,129,86,1,-37,-25,61,0,1658866330.1980798
805,806,278.5,221.5,129,87,1,-36,-25,59,8,1658866330.4540792
806,807,288.0,227.5,138,91,1,-33,-23,52,0,1658866330.7126012
807,808,302.0,234.0,138,94,1,-30,-21,47,11,1658866330.949601
808,809,316.0,244.0,142,108,1,-24,-17,28,28,1658866331.1951127
809,810,327.5,252.0,137,112,1,-21,-15,24,35,1658866331.4366252
810,811,344.0,258.0,138,112,1,-19,-14,24,34,1658866331.6586344
811,812,357.0,261.5,138,111,1,-17,-14,25,34,1658866331.8966267
812,813,374.0,267.0,140,112,1,-15,-13,24,33,1658866332.1316252
813,814,396.5,272.0,141,116,1,-11,-12,20,35,1658866332.356627
814,815,425.0,272.5,152,115,1,-7,-12,21,28,1658866332.5946248
815,816,454.0,276.0,164,110,1,-3,-12,26,6,1658866332.8476274
816,817,487.5,280.5,171,111,1,1,-11,25,0,1658866333.104624
817,818,520.0,286.5,180,123,1,5,-9,13,12,1658866333.3496234
818,819,542.0,291.5,196,131,1,7,-8,6,4,1658866333.6156237
819,820,568.0,299.0,206,134,1,10,-7,4,0,1658866333.877628
820,821,601.0,308.0,224,142,1,13,-5,-1,0,1658866334.151625
821,822,633.0,321.0,234,146,1,16,-4,-3,0,1658866334.4086287
822,823,656.5,325.5,243,147,1,19,-3,-4,0,1658866334.7081375
823,824,684.5,328.5,249,147,1,22,-3,-4,0,1658866335.0126646
824,825,709.0,323.0,252,148,-1,25,-3,-4,0,1658866335.3026645
825,826,737.0,308.0,250,142,-1,29,-5,-1,0,1658866335.5906644
826,827,745.5,284.5,249,143,-1,30,-8,-1,0,1658866335.8741984
827,828,732.0,269.5,240,143,-1,28,-10,-1,0,1658866336.145718
828,829,723.0,261.0,236,140,-1,28,-11,0,0,1658866336.4287603
829,830,699.0,262.5,212,137,-1,25,-11,2,0,1658866336.687268
830,831,672.0,263.0,194,136,-1,22,-11,3,-18,1658866336.948831
831,832,647.0,262.0,176,134,-1,20,-11,4,-28,1658866337.2058315
832,833,626.0,259.5,160,129,-1,18,-12,8,-34,1658866337.454831
833,834,603.5,262.0,145,130,-1,15,-12,7,-41,1658866337.6908338
834,835,589.0,264.5,134,127,-1,13,-11,10,-45,1658866337.9303489
835,836,579.5,268.0,127,126,-1,12,-11,11,-47,1658866338.1478693
836,837,575.0,276.0,120,124,-1,12,-10,12,-49,1658866338.3838677
837,838,569.0,285.5,112,125,-1,11,-9,11,-53,1658866338.5978646
838,839,563.5,293.0,111,122,-1,10,-8,14,-52,1658866338.8208659
839,840,555.0,298.0,112,118,-1,10,-8,18,-50,1658866339.0588932
840,841,551.5,299.5,117,115,-1,9,-8,21,-47,1658866339.2804534
841,842,552.5,298.5,119,113,-1,10,-8,23,-45,1658866339.5179996
842,843,555.0,294.5,118,103,-1,11,-10,35,-40,1658866339.7539997
843,844,558.5,292.0,119,98,-1,12,-10,41,-35,1658866340.0100005
844,845,569.0,290.5,118,97,-1,14,-11,43,-35,1658866340.2489989
845,846,579.5,278.5,115,91,-1,17,-14,52,-32,1658866340.5099986
846,847,585.5,276.0,117,82,1,20,-16,68,17,1658866340.771056
847,848,586.5,269.5,115,79,1,21,-18,75,13,1658866341.0060556
848,849,585.0,260.5,112,83,-1,19,-18,66,-25,1658866341.251056
849,850,578.0,254.5,100,73,1,21,-22,89,24,1658866341.4895704
850,851,565.0,240.0,92,72,1,18,-26,92,31,1658866341.7455697
851,852,552.5,233.0,89,74,-1,15,-27,86,-36,1658866341.97857
852,853,542.5,228.5,89,75,-1,13,-27,84,-37,1658866342.2406092
853,854,533.5,226.5,95,81,-1,10,-26,70,-38,1658866342.4776106
854,855,529.5,224.5,87,77,-1,10,-27,79,-41,1658866342.720609
855,856,527.5,224.0,87,76,-1,9,-28,82,-40,1658866342.9536092
856,857,522.5,224.0,81,76,-1,8,-28,82,-44,1658866343.1886091
857,858,513.5,222.0,75,76,-1,6,-28,82,-48,1658866343.4226103
858,859,501.5,219.5,67,73,-1,4,-30,89,-52,1658866343.6506095
859,860,490.0,214.0,68,74,-1,2,-31,86,-52,1658866343.867613
860,861,482.0,210.0,70,72,-1,0,-32,92,-49,1658866344.100611
861,862,474.5,209.5,65,71,-1,-1,-33,94,-52,1658866344.3156102
862,863,461.0,207.5,74,71,-1,-4,-33,94,-45,1658866344.5726092
863,864,443.5,201.5,77,73,1,-7,-34,89,45,1658866344.7996178
864,865,426.0,197.0,86,74,1,-11,-34,86,39,1658866345.0396101
865,866,408.0,194.5,100,77,1,-14,-34,79,30,1658866345.2946095
866,867,399.0,196.0,104,78,-1,-16,-33,77,-27,1658866345.5561337
867,868,389.0,199.0,106,78,1,-18,-32,77,25,1658866345.813644
868,869,379.5,204.5,107,79,1,-20,-31,75,25,1658866346.0726447
869,870,367.0,209.5,112,81,-1,-21,-29,70,-22,1658866346.3372042
870,871,348.5,212.0,121,84,-1,-24,-27,64,-16,1658866346.6032035
871,872,326.0,211.0,128,90,-1,-27,-26,54,-18,1658866346.8502026
872,873,308.0,210.0,130,94,-1,-29,-25,47,-22,1658866347.1062324
873,874,292.0,210.5,132,95,1,-31,-24,46,22,1658866347.3577445
874,875,286.0,213.0,132,96,-1,-32,-24,44,-23,1658866347.6182632
875,876,280.0,220.5,138,103,1,-31,-21,35,26,1658866347.8727758
876,877,283.5,238.0,139,100,1,-31,-19,39,22,1658866348.134777
877,878,291.0,258.0,140,102,1,-29,-15,36,23,1658866348.413776
878,879,325.5,288.0,145,104,-1,-23,-10,33,-21,1658866348.6817756
879,880,359.5,314.5,149,107,-1,-17,-6,30,-21,1658866348.9242892
880,881,384.0,336.0,152,110,1,-13,-3,26,22,1658866349.1838176
881,882,401.0,361.0,160,110,-1,-11,0,26,-14,1658866349.4483426
882,883,422.5,375.5,157,97,-1,-9,2,43,0,1658866349.7183437
883,884,445.5,402.5,167,107,1,-5,6,30,0,1658866349.9783442
884,885,468.5,437.0,171,116,-1,-1,10,20,-10,1658866350.2243445
885,886,494.0,462.0,178,114,-1,1,14,22,0,1658866350.4933882
886,887,524.0,488.0,186,114,-1,6,17,22,0,1658866350.7538998
887,888,568.5,498.0,195,112,-1,12,19,24,0,1658866351.011899
888,889,613.5,491.0,201,116,-1,18,17,20,0,1658866351.35841
889,890,649.5,467.5,195,147,-1,18,11,-4,-27,1658866351.6254084
890,891,660.5,445.5,195,171,-1,17,8,-17,-40,1658866351.8744469
891,892,663.0,418.0,178,176,-1,16,5,-19,-47,1658866352.1004472
892,893,656.5,403.0,169,182,-1,15,3,-21,-51,1658866352.3154533
893,894,653.5,384.5,159,181,-1,15,2,-21,-54,1658866352.5469663
894,895,641.5,368.5,135,179,-1,14,0,-20,-59,1658866352.778968
895,896,627.0,360.0,118,182,-1,13,0,-21,-64,1658866352.9989715
896,897,619.5,349.5,103,167,-1,13,-1,-15,-65,1658866353.2159677
897,898,609.5,337.0,91,156,-1,13,-2,-9,-67,1658866353.4429655
898,899,594.0,330.5,90,155,-1,11,-3,-8,-67,1658866353.675966
899,900,584.0,326.0,78,148,-1,11,-3,-4,-69,1658866353.9045148
900,901,572.5,326.5,107,147,-1,10,-3,-4,-60,1658866354.127512
901,902,559.5,321.5,133,145,-1,8,-4,-3,-52,1658866354.3475087
902,903,554.5,315.0,135,144,-1,8,-4,-2,-51,1658866354.5750282
903,904,546.0,305.0,140,136,-1,7,-6,3,-46,1658866354.8120284
904,905,539.0,294.0,142,126,-1,7,-8,11,-41,1658866355.0480285
905,906,535.0,287.0,142,116,-1,7,-9,20,-35,1658866355.2830305
906,907,529.0,281.5,142,109,1,7,-11,27,29,1658866355.5530295
907,908,529.0,274.5,142,105,-1,7,-12,32,-25,1658866355.8065436
908,909,533.0,266.0,140,100,-1,8,-14,39,-21,1658866356.0430574
909,910,550.0,260.0,130,96,-1,11,-16,44,-25,1658866356.2950573
910,911,563.5,249.5,127,95,-1,13,-18,46,-26,1658866356.572059
911,912,578.5,240.0,127,92,-1,16,-20,50,-23,1658866356.828056
912,913,587.5,226.5,117,89,-1,19,-23,55,-28,1658866357.0630555
913,914,591.5,206.0,119,80,-1,21,-30,73,-7,1658866357.318062
914,915,600.5,215.5,119,71,1,26,-32,94,0,1658866357.5920587
915,916,609.5,236.0,107,64,1,31,-30,115,0,1658866357.8380568
916,917,616.0,268.0,100,68,-1,31,-21,103,-11,1658866358.099057
917,918,625.0,286.5,96,67,-1,34,-17,106,-17,1658866358.3610559
918,919,636.5,303.0,79,64,-1,38,-13,115,-34,1658866358.6215694
919,920,650.0,318.0,82,60,1,44,-10,130,24,1658866358.8665712
920,921,662.0,325.5,86,61,1,47,-8,126,19,1658866359.1075697
921,922,671.5,324.0,91,58,-1,52,-9,137,0,1658866359.3475692
922,923,682.5,324.5,91,57,1,56,-9,142,0,1658866359.6135693
923,924,688.5,327.0,91,58,1,57,-8,137,0,1658866359.8935692
924,925,688.5,330.0,91,56,-1,59,-8,146,0,1658866360.1445704
925,926,688.0,335.0,90,52,1,63,-7,165,0,1658866360.4766726
926,927,685.5,333.0,89,56,-1,58,-7,146,0,1658866360.8476229
927,928,673.0,330.0,88,58,-1,52,-8,137,0,1658866361.1176233
928,929,647.0,322.5,88,59,-1,44,-9,133,-6,1658866361.3851392
929,930,593.0,305.0,60,58,1,30,-14,137,46,1658866361.73014
930,931,586.0,301.0,64,56,-1,29,-16,146,-40,1658866361.9641397
931,932,578.5,304.0,71,46,1,33,-19,199,0,1658866362.2041392
932,933,566.5,297.0,79,56,1,24,-17,146,19,1658866362.442139
933,934,557.0,287.0,74,64,1,18,-17,115,39,1658866362.6751978
934,935,552.0,282.5,74,69,1,16,-17,100,44,1658866362.90574
935,936,552.0,270.5,76,47,-1,23,-29,193,0,1658866363.137739
936,937,556.0,275.0,78,50,1,23,-26,175,0,1658866363.373738
937,938,568.0,285.5,82,63,1,21,-18,119,29,1658866363.619738
938,939,579.5,296.5,85,63,1,24,-15,119,25,1658866363.878742
939,940,588.5,300.5,91,51,-1,33,-18,170,0,1658866364.1427376
940,941,598.0,305.0,98,62,-1,29,-13,122,0,1658866364.4067385
941,942,610.0,307.5,108,63,-1,32,-13,119,0,1658866364.6817396
942,943,623.0,324.5,108,65,1,34,-8,112,0,1658866364.9377382
943,944,638.5,324.0,113,54,-1,46,-10,155,0,1658866365.1967382
944,945,655.0,329.5,116,53,-1,52,-8,160,0,1658866365.465249
945,946,675.5,331.5,123,61,-1,50,-7,126,0,1658866365.7372477
946,947,697.5,331.5,129,65,-1,53,-6,112,0,1658866366.0042481
947,948,717.0,329.5,128,65,-1,58,-7,112,0,1658866366.254248
948,949,738.5,348.0,129,82,1,50,-2,68,0,1658866366.5112479
949,950,757.0,347.5,132,89,1,50,-2,55,8,1658866366.7757628
950,951,771.0,323.5,132,59,-1,79,-9,133,0,1658866367.0422802
951,952,769.5,320.5,133,61,1,76,-10,126,0,1658866367.3432803
952,953,761.0,313.5,130,71,1,64,-10,94,0,1658866367.6232839
953,954,723.0,310.5,124,73,1,53,-10,89,0,1658866367.90728
954,955,682.0,309.5,122,73,1,44,-10,89,0,1658866368.2102811
955,956,645.0,307.0,120,72,1,36,-11,92,0,1658866368.4992883
956,957,606.0,304.0,118,72,1,27,-12,92,0,1658866368.7752821
957,958,575.5,301.5,119,71,1,21,-12,94,0,1658866369.0647936
958,959,548.5,300.0,119,72,1,14,-13,92,0,1658866369.3398054
959,960,524.0,296.5,116,69,1,9,-14,100,0,1658866369.609793
960,961,502.0,292.0,116,76,-1,4,-14,82,0,1658866369.8737903
961,962,481.0,289.5,112,75,1,0,-14,84,5,1658866370.1728384
962,963,464.0,285.5,114,75,1,-3,-15,84,0,1658866370.4538383
963,964,450.5,281.0,115,76,1,-6,-16,82,0,1658866370.7303557
964,965,439.0,278.0,116,74,1,-8,-17,86,0,1658866371.0103564
965,966,428.5,273.5,117,75,1,-10,-18,84,0,1658866371.2733574
966,967,418.0,266.0,120,82,1,-11,-18,68,12,1658866371.5463555
967,968,414.0,260.5,124,87,1,-11,-18,59,18,1658866371.804356
968,969,415.5,259.0,127,90,1,-11,-17,54,19,1658866372.048358
969,970,421.5,261.5,127,89,1,-10,-17,55,17,1658866372.3223581
970,971,441.0,269.5,126,89,1,-6,-16,55,19,1658866372.5713556
971,972,466.5,290.5,123,91,1,-2,-12,52,25,1658866372.8303556
972,973,485.5,303.5,131,95,1,0,-9,46,23,1658866373.079392
973,974,507.0,317.0,138,100,1,4,-6,39,23,1658866373.328938
974,975,524.0,331.0,148,102,1,6,-4,36,14,1658866373.6039715
975,976,545.5,347.0,153,106,1,9,-1,31,15,1658866373.8499706
976,977,562.5,358.5,157,109,1,11,0,27,16,1658866374.1019719
977,978,588.0,368.0,160,116,1,14,1,20,23,1658866374.343499
978,979,616.5,378.0,165,124,1,17,2,12,27,1658866374.6144993
979,980,640.0,387.0,162,124,1,20,3,12,29,1658866374.8535328
980,981,665.0,395.0,170,132,1,22,4,6,30,1658866375.1120412
981,982,688.5,399.0,177,130,1,25,4,7,24,1658866375.353041
982,983,700.5,398.0,179,118,1,30,5,18,0,1658866375.614041
983,984,702.5,394.0,183,110,-1,32,4,26,0,1658866375.8780415
984,985,690.5,390.5,179,107,-1,31,4,30,0,1658866376.1480412
985,986,664.0,383.0,164,112,-1,26,3,24,-12,1658866376.4160435
986,987,615.0,365.0,154,110,-1,19,0,26,-21,1658866376.662553
987,988,574.0,361.0,152,118,-1,12,0,18,-30,1658866376.893552
988,989,544.5,372.5,141,97,-1,10,2,43,-14,1658866377.139552
989,990,511.0,380.5,142,109,-1,4,2,27,-29,1658866377.3775542
990,991,479.5,384.5,151,113,-1,0,3,23,-27,1658866377.6140761
991,992,452.5,389.0,153,112,-1,-3,4,24,-24,1658866377.859592
992,993,422.5,392.0,157,116,-1,-7,4,20,-25,1658866378.1135917
993,994,395.0,393.0,162,120,-1,-11,4,16,-25,1658866378.3615913
994,995,375.0,394.0,168,122,-1,-13,4,14,-23,1658866378.6425955
995,996,353.0,397.0,170,128,-1,-15,4,9,-27,1658866378.8936164
996,997,344.5,394.5,175,133,-1,-16,4,5,-28,1658866379.1496162
997,998,352.0,382.5,190,145,-1,-14,2,-3,-29,1658866379.3996215
998,999,375.0,365.0,206,150,-1,-11,0,-6,-23,1658866379.656616
999,1000,407.5,353.5,211,149,-1,-7,0,-5,-19,1658866379.9116697
1000,1001,443.0,351.0,212,140,-1,-4,-1,0,0,1658866380.18067
1001,1002,478.0,362.0,224,136,-1,0,0,3,0,1658866380.4466698
1002,1003,513.5,381.0,237,154,-1,3,2,-8,0,1658866380.7096698
1003,1004,536.5,399.5,235,153,-1,5,4,-7,0,1658866380.9516702
1004,1005,548.0,411.5,230,147,-1,7,5,-4,0,1658866381.2146707
1005,1006,559.5,429.0,223,142,-1,8,7,-1,0,1658866381.4857316
1006,1007,571.5,449.5,215,133,-1,10,10,5,0,1658866381.753247
1007,1008,598.5,458.0,215,126,-1,14,12,11,0,1658866382.0112467
1008,1009,630.0,460.5,222,135,-1,17,11,3,0,1658866382.284247
1009,1010,646.0,461.5,220,133,-1,20,12,5,0,1658866382.5562818
1010,1011,654.0,455.0,236,136,-1,20,11,3,0,1658866382.8162823
1011,1012,646.5,416.0,241,148,-1,18,6,-4,0,1658866383.090795
1012,1013,630.0,369.5,242,155,-1,15,0,-8,0,1658866383.499798
1013,1014,555.5,323.0,197,146,-1,8,-4,-3,-25,1658866383.7613127
1014,1015,511.0,298.0,182,154,-1,3,-6,-8,-38,1658866383.9983118
1015,1016,454.0,306.5,78,121,1,-3,-7,15,64,1658866384.2443144
1016,1017,476.5,311.5,109,119,-1,0,-6,17,-52,1658866384.4828215
1017,1018,494.5,318.0,127,118,1,1,-5,18,44,1658866384.7298212
1018,1019,511.5,321.5,137,115,1,4,-5,21,37,1658866384.9668224
1019,1020,520.0,319.0,126,106,-1,5,-6,31,-37,1658866385.2158213
1020,1021,518.0,306.5,120,89,-1,6,-9,55,-25,1658866385.4468215
1021,1022,515.0,303.5,118,83,1,6,-10,66,18,1658866385.6913624
1022,1023,511.0,300.5,112,79,1,6,-11,75,19,1658866385.9353633
1023,1024,500.5,294.0,113,76,1,4,-13,82,7,1658866386.1833634
1024,1025,488.0,286.5,114,87,-1,1,-13,59,-29,1658866386.4313626
1025,1026,471.0,272.0,118,96,-1,-1,-14,44,-34,1658866386.6733627
1026,1027,449.0,259.0,124,106,-1,-4,-15,31,-38,1658866386.9033635
1027,1028,429.0,252.0,128,116,1,-6,-14,20,42,1658866387.1423626
1028,1029,406.0,254.0,142,120,1,-9,-14,16,37,1658866387.3993638
1029,1030,390.5,263.0,153,126,-1,-11,-12,11,-35,1658866387.6533644
1030,1031,384.0,277.5,158,125,1,-12,-10,11,32,1658866387.906362
1031,1032,382.5,294.5,163,123,1,-12,-8,13,27,1658866388.1563625
1032,1033,386.0,305.5,164,125,1,-11,-6,11,28,1658866388.4183626
1033,1034,392.5,314.0,169,128,1,-10,-5,9,28,1658866388.681873
1034,1035,399.0,328.5,176,133,-1,-9,-3,5,-28,1658866388.936394
1035,1036,407.5,342.0,181,136,-1,-8,-2,3,-27,1658866389.1833937
1036,1037,425.5,361.5,179,137,1,-6,0,2,29,1658866389.442909
1037,1038,439.0,372.0,182,108,-1,-5,1,28,0,1658866389.708426
1038,1039,440.5,391.5,187,129,1,-4,3,8,14,1658866389.9829478
